Precision,Recall,F1-Score
0.5,0.4,0.4444444444444445
1.0,0.2,0.33333333333333337
0.6666666666666666,0.8,0.7272727272727272
0.5,0.8,0.6153846153846154
1.0,0.2,0.33333333333333337
0.6,0.6,0.6
0.25,0.2,0.22222222222222224
1.0,0.2,0.33333333333333337
0.2857142857142857,0.8,0.4210526315789473
0.3333333333333333,0.4,0.3636363636363636
