Precision,Recall,F1-Score
0.6666666666666666,0.8,0.7272727272727272
0.75,0.6,0.6666666666666665
0.8,0.8,0.8000000000000002
0.6,0.6,0.6
1.0,0.6,0.7499999999999999
0.75,0.6,0.6666666666666665
0.42857142857142855,0.6,0.5
0.42857142857142855,0.6,0.5
0.5,0.6,0.5454545454545454
0.6666666666666666,0.4,0.5
